Date, Songs, Found, Error
22/11/2019 23:14:10, 1593, 777, 0
22/11/2019 23:14:13, 1593, 777, 0
22/11/2019 23:50:56, 1593, 777, 0
22/11/2019 23:52:16, 1593, 777, 0
22/11/2019 23:59:47, 1593, 777, 0
23/11/2019 14:08:51, 1593, 152, 449
23/11/2019 14:12:03, 1593, 152, 445
23/11/2019 14:32:01, 1593, 160, 0
23/11/2019 14:40:58, 1593, 369, 88
23/11/2019 14:41:34, 1593, 369, 0
23/11/2019 14:42:29, 1593, 282, 0
23/11/2019 14:43:02, 1593, 369, 0
23/11/2019 14:43:41, 1593, 313, 0
23/11/2019 14:44:05, 1593, 364, 0
23/11/2019 14:44:25, 1593, 369, 0
23/11/2019 14:58:42, 1593, 369, 0
23/11/2019 15:02:37, 1593, 369, 0
